,Constituency Code,Constituency,Candidate Number,Name of Candidate,No. of Votes Received,Camp,Elected
0,A01,CHUNG WAN,1,HUI CHI FUNG,1618,D,True
1,A01,CHUNG WAN,2,WONG CHUNG WAI,1319,B,False
2,A02,MID LEVELS EAST,1,"MOK KAM SUM
(SAMUEL)",1993,B,False
3,A02,MID LEVELS EAST,2,NG SIU HONG,2672,D,True
4,A03,CASTLE ROAD,1,CHENG LAI KING,2669,D,True
5,A03,CASTLE ROAD,2,FUNG KAR LEUNG KARL,2559,B,False
6,A04,PEAK,1,"URUMA KUNINOBU
(THOMAS)",1106,D,False
7,A04,PEAK,2,YOUNG CHIT ON JEREMY,2422,B,True
8,A05,UNIVERSITY,1,AU CHUNG YIN,127,I,False
9,A05,UNIVERSITY,2,YAM KA YI,3135,D,True
10,A05,UNIVERSITY,3,CHAN CHIT KWAI,2843,B,False
11,A06,KWUN LUNG,1,YEUNG HOI WING,2970,B,False
12,A06,KWUN LUNG,2,CHOW SAI KIT,138,D,False
13,A06,KWUN LUNG,3,LEUNG FONG WAI FERGUS,3195,D,True
14,A07,KENNEDY TOWN & MOUNT DAVIS,1,"WONG KIN CHING
(CHERRY)",3312,D,True
15,A07,KENNEDY TOWN & MOUNT DAVIS,2,"LAM SUET YING
(MAVIS)",53,I,False
16,A07,KENNEDY TOWN & MOUNT DAVIS,3,CHAN HOK FUNG,2206,B,False
17,A08,SAI WAN,1,CHEUNG KWOK KWAN,2494,B,False
18,A08,SAI WAN,2,WONG MI HING SHIRLEY,40,I,False
19,A08,SAI WAN,3,PANG KA HO,3289,D,True
20,A09,BELCHER,1,"YEUNG SUI YIN
(VICTOR)",4002,D,True
21,A09,BELCHER,2,FUNG KING YIN,76,I,False
22,A09,BELCHER,3,YIP WING SHING,3521,B,False
23,A10,SHEK TONG TSUI,1,CHAN CHOI HI,2487,B,False
24,A10,SHEK TONG TSUI,2,YIP KAM LUNG SAM,3073,D,True
25,A11,SAI YING PUN,1,WONG WENG CHI,2734,D,True
26,A11,SAI YING PUN,2,"LAU TIN CHING
(TIMOTHY)",2202,B,False
27,A12,SHEUNG WAN,1,LUI HUNG PAN,1900,B,False
28,A12,SHEUNG WAN,2,KAM NAI WAI,2781,D,True
29,A13,TUNG WAH,1,CHEUNG KA YAN,1547,B,False
30,A13,TUNG WAH,2,NG HOI YAN BONNIE,2403,D,True
31,A14,CENTRE STREET,1,CHEUNG KAI YIN,2909,D,True
32,A14,CENTRE STREET,2,LEE CHI HANG SIDNEY,2030,B,False
33,A15,WATER STREET,1,YEUNG HOK MING,2095,B,False
34,A15,WATER STREET,2,HO CHI WANG,3093,D,True
35,B01,HENNESSY,1,KOO KWOK WAI SABINA,1373,D,True
36,B01,HENNESSY,2,HA HEI LOK,845,D,False
37,B01,HENNESSY,3,WONG SAU TUNG,1033,B,False
38,B02,OI KWAN,1,LAW WAI SHAN,2363,D,True
39,B02,OI KWAN,2,MUK KA CHUN,1750,B,False
40,B03,CANAL ROAD,1,MAK KING SING,1891,D,True
41,B03,CANAL ROAD,2,CHUNG KA MAN JACQUELINE,1383,B,False
42,B04,CAUSEWAY BAY,1,NG YUEN TING YOLANDA,1572,B,False
43,B04,CAUSEWAY BAY,2,YAU MAN SHAN CATHY,1918,D,True
44,B05,VICTORIA PARK,1,LI WING CHOI,2502,D,True
45,B05,VICTORIA PARK,2,CHOW KIT BING JENNIFER,2125,B,False
46,B06,TIN HAU,1,CHAN YUK LAM,2899,D,True
47,B06,TIN HAU,2,LEE MAN LUNG JOEY,2623,B,False
48,B07,TAI HANG,1,LIU TIN SHING,1433,B,False
49,B07,TAI HANG,2,YEUNG SUET YING CLARISSE,2340,D,True
50,B08,JARDINE'S LOOKOUT,1,CHEUNG CHARLTON,1355,D,False
51,B08,JARDINE'S LOOKOUT,2,LAM WAI MAN WIND,2570,B,True
52,B08,JARDINE'S LOOKOUT,3,TSE WING LING JOHN,464,D,False
53,B09,BROADWOOD,1,TSE WAI CHUN PAUL,2121,B,True
54,B09,BROADWOOD,2,YEUNG TSZ CHUN,1887,D,False
55,B10,HAPPY VALLEY,1,CHEUNG CLARA,1954,D,True
56,B10,HAPPY VALLEY,2,"CHAN WING HA
(VIVIAN)",207,D,False
57,B10,HAPPY VALLEY,3,NG CHAK SUM SAM,1805,B,False
58,B11,STUBBS ROAD,1,WONG WANG TAI,1908,B,True
59,B11,STUBBS ROAD,2,CHOW KAM KEI FRANKIE,1591,D,False
60,B12,SOUTHORN,1,"CHAN KAM SHING
(CHRIS)",1652,D,False
61,B12,SOUTHORN,2,LEE PIK YEE,1790,B,True
62,B13,TAI FAT HAU,1,LEE KWUN YEE KENNY,1625,B,False
63,B13,TAI FAT HAU,2,LEUNG PAK KIN,1723,D,True
64,C01,TAI KOO SHING WEST,1,TING WONG KACEE,2593,B,False
65,C01,TAI KOO SHING WEST,2,"CHIU KA YIN ANDREW
(DR ANDREW CHIU)",4390,D,True
66,C02,TAI KOO SHING EAST,1,"KWOK HO KING CALVIN
(DR. KWOK)",3106,B,False
67,C02,TAI KOO SHING EAST,2,WONG CHUN SING PATRICK,4848,D,True
68,C03,LEI KING WAN,1,CHEUNG MAN SUNG,3098,B,False
69,C03,LEI KING WAN,2,WEI SIU LIK ALICE,4144,D,True
70,C04,SAI WAN HO,1,MAK TAK CHING,4323,D,True
71,C04,SAI WAN HO,2,LAM TSZ HUNG,2530,B,False
72,C05,ALDRICH BAY,1,KWOK WING KIN,3771,B,False
73,C05,ALDRICH BAY,2,"YUEN TAT CHUN
(SIMON)",86,I,False
74,C05,ALDRICH BAY,3,SO YAT HANG,4600,D,True
75,C06,SHAUKEIWAN,1,LAM SUM LIM,1903,B,False
76,C06,SHAUKEIWAN,2,LEUNG WING SZE,3215,D,True
77,C07,A KUNG NGAM,1,KWOK CHI CHUNG,4204,D,True
78,C07,A KUNG NGAM,2,LAM KEI TUNG GEORGE,3174,B,False
79,C07,A KUNG NGAM,3,CHAN EUGENE YAT HIM,597,I,False
80,C08,HENG FA CHUEN,1,WONG YI CHRISTINE,5323,D,True
81,C08,HENG FA CHUEN,2,HO NGAI KAM STANLEY,4114,B,False
82,C09,TSUI WAN,1,LAU SUK YIN,2847,B,False
83,C09,TSUI WAN,2,KU KWAI YIU,3569,D,True
84,C10,YAN LAM,1,ISHIGAMI LEE FUNG KING ALICE,3982,D,True
85,C10,YAN LAM,2,WONG KIN HING,3543,B,False
86,C10,YAN LAM,3,TAN YI CHUN WINDY,106,I,False
87,C11,SIU SAI WAN,1,CHU YAT ON,288,B,False
88,C11,SIU SAI WAN,2,CHAN WING TAI,3212,D,True
89,C11,SIU SAI WAN,3,LI LOK YAN,2485,B,False
90,C12,KING YEE,1,YEUNG HON SING,623,B,False
91,C12,KING YEE,2,LEUNG KWOK HUNG DAVID,3079,B,False
92,C12,KING YEE,3,TSANG YAN YING,4936,D,True
93,C13,WAN TSUI,1,NG CHEUK IP,3412,D,True
94,C13,WAN TSUI,2,WONG KAM YIN,39,I,False
95,C13,WAN TSUI,3,KUNG PAK CHEUNG,2866,B,False
96,C14,FEI TSUI,1,LAI CHI KEONG JOSEPH,3591,D,True
97,C14,FEI TSUI,2,CHAN HOI WING,2742,B,False
98,C15,MOUNT PARKER,1,LAI YIK MING,2491,D,False
99,C15,MOUNT PARKER,2,"LEE CHING HAR
(ANNIE)",2664,B,True
100,C16,BRAEMAR HILL,1,LAI HOK HIM MATTHEW,2522,D,False
101,C16,BRAEMAR HILL,2,YUEN KIN CHUNG KENNY,3111,B,True
102,C17,FORTRESS HILL,1,"LO WING KWAN FRANKIE
(LO SHAN)",2634,B,False
103,C17,FORTRESS HILL,2,CHAN JASON KA YAU,3596,D,True
104,C18,CITY GARDEN,1,HUI CHING ON,2557,B,False
105,C18,CITY GARDEN,2,CHAU HUI YAN,2806,D,True
106,C18,CITY GARDEN,3,"FAN HAI TAI
(RICKY)",591,I,False
107,C19,PROVIDENT,1,KWOK WAI KEUNG,3229,B,True
108,C19,PROVIDENT,2,CHAN DUNCANN,3181,D,False
109,C19,PROVIDENT,3,LAM SZE NAM ANDREW,90,I,False
110,C20,FORT STREET,1,"FU KAI LAM
(KARRINE)",2464,D,True
111,C20,FORT STREET,2,HUNG LIN CHAM,2405,B,False
112,C21,KAM PING,1,HUNG CHI KIT,3027,B,False
113,C21,KAM PING,2,LEE YUE SHUN,3113,D,True
114,C22,TANNER,1,TSANG CHEUK YI,2899,B,False
115,C22,TANNER,2,CHENG TAT HUNG,3947,D,True
116,C23,HEALTHY VILLAGE,1,CHENG CHI SING,2609,B,False
117,C23,HEALTHY VILLAGE,2,PUI JAMES CHI LAP,2971,D,True
118,C24,QUARRY BAY,1,TING KONG HO EDDIE,2176,B,False
119,C24,QUARRY BAY,2,CHAN PO KING,2700,D,True
120,C25,NAM FUNG,1,WONG SZE CHIN RICKY,2275,B,False
121,C25,NAM FUNG,2,CHEUNG KWOK CHEONG,4315,D,True
122,C26,KORNHILL,1,"NGAI CHI HO
(DEREK)",4127,D,True
123,C26,KORNHILL,2,"CHAU CHEUK YIN
(NATHAN)",2854,B,False
124,C27,KORNHILL GARDEN,1,LAU DANA SING SHE,2564,B,False
125,C27,KORNHILL GARDEN,2,LEUNG SIU SUN,3727,D,True
126,C28,HING TUNG,1,HUI LAM HING,3932,B,False
127,C28,HING TUNG,2,CHEUNG CHUN KIT,5389,D,True
128,C29,LOWER YIU TUNG,1,HO WAI LUN,3771,D,True
129,C29,LOWER YIU TUNG,2,WONG CHI CHUNG,2457,B,False
130,C30,UPPER YIU TUNG,1,NG CHING CHING,3124,B,False
131,C30,UPPER YIU TUNG,2,CHOW CHEUK KI,3492,D,True
132,C31,HING MAN,1,TSE MIU YEE,3297,D,True
133,C31,HING MAN,2,LAU HING YEUNG,3113,B,False
134,C32,LOK HONG,1,LI CHUN CHAU,2800,B,False
135,C32,LOK HONG,2,"TSANG KIN SHING
(BULL)",3563,D,True
136,C33,TSUI TAK,1,CHOI CHI KEUNG PETER,2994,D,True
137,C33,TSUI TAK,2,LEE CHUN KEUNG,2612,B,False
138,C34,YUE WAN,1,WOO KIN NAM,30,I,False
139,C34,YUE WAN,2,TSAI TSUI WAN,196,I,False
140,C34,YUE WAN,3,CHUI CHI KIN,3814,D,True
141,C34,YUE WAN,4,LAU KIN,2374,B,False
142,C35,KAI HIU,1,CHIK KIT LING ELAINE,2712,B,False
143,C35,KAI HIU,2,LAI TSZ YAN,3200,D,True
144,C35,KAI HIU,3,TAN CHUN CHUN ENKI,581,B,False
145,D01,ABERDEEN,1,WONG YUI HEI ANGUS,5001,D,True
146,D01,ABERDEEN,2,YAM PAULINE,3020,B,False
147,D01,ABERDEEN,3,LEE KIN SHING,31,I,False
148,D02,AP LEI CHAU ESTATE,1,LAM YUK CHUN,3274,B,True
149,D02,AP LEI CHAU ESTATE,2,CHAN PO MING,3092,D,False
150,D03,AP LEI CHAU NORTH,1,CHAN PING YEUNG,3136,D,True
151,D03,AP LEI CHAU NORTH,2,CHEUNG SIK YUNG,1932,B,False
152,D04,LEI TUNG I,1,NG ALBERT KAI SAN,2258,B,False
153,D04,LEI TUNG I,2,CHAN YAN YI,3827,D,True
154,D05,LEI TUNG II,1,LO KIN HEI,4737,D,True
155,D05,LEI TUNG II,2,TAN JINJIE,2801,B,False
156,D06,SOUTH HORIZONS EAST,1,LAM KAI FAI,2960,B,False
157,D06,SOUTH HORIZONS EAST,2,YU CHUN HEI JAMES,3750,D,True
158,D07,SOUTH HORIZONS WEST,1,LAM HO POR KELVIN,4164,D,True
159,D07,SOUTH HORIZONS WEST,2,CHAN JUDY KAPUI,3236,B,False
160,D08,WAH KWAI,1,POON PING HONG,4540,D,True
161,D08,WAH KWAI,2,MAK TSE HOW LING ADA,3111,B,False
162,D09,WAH FU SOUTH,1,WONG CHOI LAP,2478,B,False
163,D09,WAH FU SOUTH,2,LI SHEE LIN,3121,D,True
164,D10,WAH FU NORTH,1,CHEUNG WAI NAM,2366,B,False
165,D10,WAH FU NORTH,2,YIM CHUN HO,3751,D,True
166,D11,POKFULAM,1,YAO JIE NING MAXINE,164,B,False
167,D11,POKFULAM,2,SIU WAI CHUNG,1840,B,False
168,D11,POKFULAM,3,ZIMMERMAN PAULUS JOHANNES,2547,D,True
169,D12,CHI FU,1,LO SIU LUCY,2744,B,False
170,D12,CHI FU,2,LAM ANDREW TAK WO,4292,D,True
171,D13,TIN WAN,1,YUEN KA WAI TIFFANY,4191,D,True
172,D13,TIN WAN,2,CHAN FU MING,2602,B,False
173,D14,SHEK YUE,1,CHAN HIN CHUNG,4263,D,True
174,D14,SHEK YUE,2,CHU LAP WAI,3321,B,False
175,D15,WONG CHUK HANG,1,CHAN WING YAN,2893,B,False
176,D15,WONG CHUK HANG,2,TSUI YUEN WA,3983,D,True
177,D16,BAYS AREA,1,DING WAI LEUNG,807,D,False
178,D16,BAYS AREA,2,"LEUNG CHUN
(JONATHAN)",1882,B,True
179,D17,STANLEY & SHEK O,1,"LEE PUI YING
(CHAN LEE PUI YING)",2592,B,False
180,D17,STANLEY & SHEK O,2,"PANG CHEUK KEI
(MICHAEL)",2680,D,True
181,D17,STANLEY & SHEK O,3,CHAN SHUN YEE,103,I,False
182,E01,TSIM SHA TSUI WEST,1,LEUNG HANG FAI,124,B,False
183,E01,TSIM SHA TSUI WEST,2,"KHAN ABDULL GHAFAR
(PHILLIP KHAN)",35,D,False
184,E01,TSIM SHA TSUI WEST,3,POON KING WO ALEX,788,B,False
185,E01,TSIM SHA TSUI WEST,4,FUNG KIN KEE FREDERICK,154,D,False
186,E01,TSIM SHA TSUI WEST,5,"CHAN KA LONG
(LESLIE CHAN)",1003,D,True
187,E02,KOWLOON STATION,1,YUNG HEI CHI,82,I,False
188,E02,KOWLOON STATION,2,"LI WING YIN
(CINDY)",1821,D,False
189,E02,KOWLOON STATION,3,"HUNG CHIU WAH
(DEREK)",1928,B,True
190,E03,JORDAN WEST,1,TSUI WAI FONG NATALIE,2604,D,True
191,E03,JORDAN WEST,2,CHAN SIU TONG,2233,B,False
192,E04,YAU MA TEI SOUTH,1,"YEUNG TSZ HEI
(BENNY)",2432,B,False
193,E04,YAU MA TEI SOUTH,2,"WU SUI SHAN
(SUZANNE)",2984,D,True
194,E05,CHARMING,1,WONG WAI TAT,133,I,False
195,E05,CHARMING,2,LEE WAI FUNG,4242,D,True
196,E05,CHARMING,3,CHUNG KONG MO,3373,B,False
197,E06,MONG KOK WEST,1,HUI TAK LEUNG,2102,B,True
198,E06,MONG KOK WEST,2,CHAN YUEN PAN,1787,D,False
199,E07,FU PAK,1,YU TAK PO,4748,D,True
200,E07,FU PAK,2,CHAN TAK LAP,2844,B,False
201,E08,OLYMPIC,1,TO KUN SUN JAMES,2957,D,True
202,E08,OLYMPIC,2,LEE KA HIN,2130,B,False
203,E09,CHERRY,1,CHUNG CHAK FAI,2310,B,True
204,E09,CHERRY,2,NG HIU MAN GLORIA,2014,D,False
205,E10,TAI KOK TSUI SOUTH,1,CHOI SIU FUNG BENJAMIN,2068,B,False
206,E10,TAI KOK TSUI SOUTH,2,TSANG TSZ MING,2632,D,True
207,E11,TAI KOK TSUI NORTH,1,LAU PAK KEI,3028,B,False
208,E11,TAI KOK TSUI NORTH,2,LI OWAN,3301,D,True
209,E12,TAI NAN,1,LEE KWOK KUEN,2943,D,True
210,E12,TAI NAN,2,CHOI KI LUNG,57,I,False
211,E12,TAI NAN,3,LI SZE MAN,2046,B,False
212,E13,MONG KOK NORTH,1,SIU TAK KIN LUCIFER,2161,D,True
213,E13,MONG KOK NORTH,2,WONG SHU MING,2076,B,False
214,E14,MONG KOK EAST,1,"LAM SIU PAN
(BEN)",2663,D,True
215,E14,MONG KOK EAST,2,WONG KIN SAN,1821,B,False
216,E15,MONG KOK SOUTH,1,CHOW CHUN FAI,1747,B,False
217,E15,MONG KOK SOUTH,2,CHU KONG WAI,1977,D,True
218,E16,YAU MA TEI NORTH,1,LAM KIN MAN,2573,D,True
219,E16,YAU MA TEI NORTH,2,LEE MAN KIT,1243,B,False
220,E17,EAST TSIM SHA TSUI & KING'S PARK,1,"CHU TSZ LOK
(LEO)",1745,D,True
221,E17,EAST TSIM SHA TSUI & KING'S PARK,2,TANG MING SUM MICHELLE,1567,B,False
222,E18,JORDAN NORTH,1,"JO CHUN WAH
(CRAIG)",1117,B,False
223,E18,JORDAN NORTH,2,"HO FU WING
(FRANK)",1423,D,True
224,E19,JORDAN SOUTH,1,CHAN TSZ WAI,1516,D,True
225,E19,JORDAN SOUTH,2,IP NGO TUNG CHRIS,1451,B,False
226,E20,TSIM SHA TSUI CENTRAL,1,HO CHEUK HIN,1533,D,True
227,E20,TSIM SHA TSUI CENTRAL,2,KWAN SAU LING,1167,B,False
228,F01,PO LAI,1,MAK WAI MING,3517,D,True
229,F01,PO LAI,2,FOO WAI LOK,122,I,False
230,F01,PO LAI,3,TAM CHUN YU,1860,B,False
231,F02,CHEUNG SHA WAN,1,LEE MAN HO LEOS,3359,D,True
232,F02,CHEUNG SHA WAN,2,PONG CHIU FAI,2103,B,False
233,F02,CHEUNG SHA WAN,3,YIP CHI HO,41,I,False
234,F03,NAM CHEONG NORTH,1,WONG HIU SHING,55,I,False
235,F03,NAM CHEONG NORTH,2,CHENG WING SHUN VINCENT,1747,B,False
236,F03,NAM CHEONG NORTH,3,LAO KA HANG,2193,D,True
237,F04,SHEK KIP MEI,1,"SIN KAM HO
(JEFFREY)",3235,D,True
238,F04,SHEK KIP MEI,2,CHAN KWOK WAI,3225,B,False
239,F05,NAM CHEONG EAST,1,CHAN LUNG KIT,1916,B,False
240,F05,NAM CHEONG EAST,2,HO KAI MING KALVIN,2996,D,True
241,F06,NAM CHEONG SOUTH,1,LEE WING MAN,1734,B,False
242,F06,NAM CHEONG SOUTH,2,LI TING FUNG,2334,D,True
243,F07,NAM CHEONG CENTRAL,1,LAM SIN TUNG,1538,D,False
244,F07,NAM CHEONG CENTRAL,2,LAU PUI YUK,1640,B,True
245,F08,NAM CHEONG WEST,1,WAI WOON NAM,3573,D,True
246,F08,NAM CHEONG WEST,2,HA WING KA,2074,B,False
247,F09,FU CHEONG,1,LEUNG MAN KWONG,4097,B,False
248,F09,FU CHEONG,2,WONG KIT LONG,4281,D,True
249,F10,LAI KOK,1,CHAN WING YAN,3051,B,False
250,F10,LAI KOK,2,LI KWING,3592,D,True
251,F11,FORTUNE,1,TSUI YAT HIN RONALD,2668,D,True
252,F11,FORTUNE,2,CHEUNG TAK WAI,2604,B,False
253,F12,PIK WUI,1,"CHOW WING HENG
(ZOÃ‰)",1462,D,True
254,F12,PIK WUI,2,WONG WING WAI,1150,B,False
255,F12,PIK WUI,3,MA YU SANG,120,D,False
256,F13,LAI CHI KOK CENTRAL,1,"YUEN HOI MAN
(RAMON)",4503,D,True
257,F13,LAI CHI KOK CENTRAL,2,LI KI FUNG BRUCE,2584,B,False
258,F14,LAI CHI KOK SOUTH,1,YEUNG YUK,5292,D,True
259,F14,LAI CHI KOK SOUTH,2,"WU WANQIU
(ELAINE)",3145,B,False
260,F15,MEI FOO SOUTH,1,WONG TAT TUNG,3117,B,False
261,F15,MEI FOO SOUTH,2,CHAU YUEN MAN,4020,D,True
262,F16,MEI FOO CENTRAL,1,YIP PUI LAM,2430,B,False
263,F16,MEI FOO CENTRAL,2,NG YUET LAN,3666,D,True
264,F17,MEI FOO NORTH,1,LEE WING CHEUNG VIRGINIA,1347,B,False
265,F17,MEI FOO NORTH,2,LAW SIU YIN,1193,B,False
266,F17,MEI FOO NORTH,3,LI CHUN HEI JOSHUA,4154,D,True
267,F18,LAI CHI KOK NORTH,1,CHUM TAK SHING,2738,D,True
268,F18,LAI CHI KOK NORTH,2,CHAU CHUN FAI GARY,1372,B,False
269,F19,UN CHAU,1,LEE HON TING,3960,D,True
270,F19,UN CHAU,2,CHAN WAI MING,3427,B,False
271,F20,SO UK,1,CHAN MING KEI,2522,D,False
272,F20,SO UK,2,LAM PUI MAN,51,I,False
273,F20,SO UK,3,HO KWAN CHAU,2650,B,True
274,F21,LEI CHENG UK,1,KONG KWAI SANG,4127,D,True
275,F21,LEI CHENG UK,2,CHAN KENG CHAU,2490,B,False
276,F21,LEI CHENG UK,3,LAM HO NAM,120,I,False
277,F22,LUNG PING & SHEUNG PAK TIN,1,LAW KWOK HO,1680,B,False
278,F22,LUNG PING & SHEUNG PAK TIN,2,NG MEI CARMAN,4031,D,True
279,F23,HA PAK TIN,1,LAM WAI MAN RAYMOND,1952,B,False
280,F23,HA PAK TIN,2,YAN KAI WING,3206,I,True
281,F23,HA PAK TIN,3,CHAN CHAK SHING,41,D,False
282,F23,HA PAK TIN,4,FONG CHI LUNG,436,D,False
283,F24,YAU YAT TSUEN,1,LAU WAI CHUNG,2487,D,True
284,F24,YAU YAT TSUEN,2,LEE TSZ KING DOMINIC,2391,B,False
285,F25,"NAM SHAN, TAI HANG TUNG & TAI HANG SAI",1,CHUI CHUN NAM,116,D,False
286,F25,"NAM SHAN, TAI HANG TUNG & TAI HANG SAI",2,CHEN LIHONG,3231,B,False
287,F25,"NAM SHAN, TAI HANG TUNG & TAI HANG SAI",3,CHAN PING FAI,47,D,False
288,F25,"NAM SHAN, TAI HANG TUNG & TAI HANG SAI",4,TAM KWOK KIU,4546,D,True
289,G01,MA TAU WAI,1,SIU TIN HUNG,3712,B,False
290,G01,MA TAU WAI,2,LAM TIN YAN,93,I,False
291,G01,MA TAU WAI,3,TSANG KIN CHIU,4264,D,True
292,G02,SUNG WONG TOI,1,YEUNG CHUN YU,3406,D,True
293,G02,SUNG WONG TOI,2,WU MING TAI,1315,B,False
294,G02,SUNG WONG TOI,3,IP CHI WAI ALEXANDER,318,B,False
295,G03,MA HANG CHUNG,1,TANG HOU TONG,2437,B,False
296,G03,MA HANG CHUNG,2,LAI KWONG WAI,3966,D,True
297,G03,MA HANG CHUNG,3,CHAN HIU WAI,84,I,False
298,G04,MA TAU KOK,1,KWAN HO YEUNG,2195,B,False
299,G04,MA TAU KOK,2,MA HEI PANG,2499,D,True
300,G04,MA TAU KOK,3,CHING MAN KI,40,I,False
301,G05,LOK MAN,1,YANG WING KIT,3312,B,True
302,G05,LOK MAN,2,LAM VINCENT,2694,D,False
303,G06,SHEUNG LOK,1,LUK KING KWONG,3250,B,False
304,G06,SHEUNG LOK,2,WONG WING KIT,4583,D,True
305,G06,SHEUNG LOK,3,NG KA FAI,119,I,False
306,G07,HO MAN TIN,1,FUNG JOSHUA MAN TAO,3722,D,True
307,G07,HO MAN TIN,2,CHONG HIU YING WASABI,96,I,False
308,G07,HO MAN TIN,3,CHENG LEE MING,3422,B,False
309,G08,KADOORIE,1,WONG MAN KONG,2256,B,False
310,G08,KADOORIE,2,SIU LEONG SING,3929,D,True
311,G09,PRINCE,1,TAM KIT MAN,164,D,False
312,G09,PRINCE,2,TING KIN WA,2219,B,False
313,G09,PRINCE,3,WONG KWOK TUNG,2512,D,True
314,G10,KOWLOON TONG,1,WAN CHUNG YIN MATTHEW,2567,D,False
315,G10,KOWLOON TONG,2,HO HIN MING,2952,B,True
316,G11,LUNG SHING,1,NG PO KEUNG,1983,B,True
317,G11,LUNG SHING,2,FONG NGAI YIN,101,I,False
318,G11,LUNG SHING,3,FUNG TAT CHUN FRANKIE,1884,D,False
319,G12,KAI TAK NORTH,1,LEUNG YUEN TING,2480,B,True
320,G12,KAI TAK NORTH,2,WONG TSZ CHUN,29,D,False
321,G12,KAI TAK NORTH,3,TSANG CHUN TAT,2043,D,False
322,G13,KAI TAK EAST,1,HE HUAHAN,2638,B,True
323,G13,KAI TAK EAST,2,"WONG YIP TUNG
(TONY)",1835,D,False
324,G14,KAI TAK CENTRAL & SOUTH,1,CHEUNG KING FAN,1574,B,True
325,G14,KAI TAK CENTRAL & SOUTH,2,LEUNG WING YAN,1367,D,False
326,G15,HOI SHAM,1,"TUNG KAI MAN
(JACK TUNG)",2890,D,False
327,G15,HOI SHAM,2,PUN KWOK WAH,2916,B,True
328,G16,TO KWA WAN NORTH,1,"LEUNG KWOK HUNG
(LONG HAIR)",1538,D,False
329,G16,TO KWA WAN NORTH,2,LEE WAI KING STARRY,1881,B,True
330,G17,TO KWA WAN SOUTH,1,"LAM POK
(JIMMY)",1766,B,False
331,G17,TO KWA WAN SOUTH,2,"LEE HIN LONG
(TIMOTHY LEE)",1936,D,True
332,G17,TO KWA WAN SOUTH,3,WONG YI TING,107,D,False
333,G18,HOK YUEN LAGUNA VERDE,1,LEE HO PUI,66,I,False
334,G18,HOK YUEN LAGUNA VERDE,2,"KWOK TIN LAP
(TONY KWOK)",3054,D,True
335,G18,HOK YUEN LAGUNA VERDE,3,YUE CHEE WING ADMOND,2683,B,False
336,G19,WHAMPOA EAST,1,KWAN KA LUN,4595,D,True
337,G19,WHAMPOA EAST,2,LEE CHIU YU,3374,B,False
338,G20,WHAMPOA WEST,1,CHENG HIU LING,2910,B,False
339,G20,WHAMPOA WEST,2,KWONG PO YIN,4715,D,True
340,G21,HUNG HOM BAY,1,LAM TSZ YAN,178,I,False
341,G21,HUNG HOM BAY,2,WONG CHI,2688,B,False
342,G21,HUNG HOM BAY,3,YUM KWOK TUNG PIUS,3554,D,True
343,G22,HUNG HOM,1,KWAN SIU LUN,1524,D,False
344,G22,HUNG HOM,2,LAM TAK SHING,1779,B,True
345,G23,KA WAI,1,CHAU HEI MAN,4115,D,True
346,G23,KA WAI,2,LO CHIU KIT,3769,B,False
347,G23,KA WAI,3,LI CHUN LUNG,58,I,False
348,G24,OI MAN,1,NG FAN KAM,3176,B,False
349,G24,OI MAN,2,MAK SUI KI,3625,D,True
350,G25,OI CHUN,1,CHO WUI HUNG,3268,B,True
351,G25,OI CHUN,2,CHAN LAI KWAN,3237,D,False
352,G25,OI CHUN,3,LEUNG KA LEE,454,I,False
353,H01,LUNG TSUI,1,CHONG TING WAI,2911,D,True
354,H01,LUNG TSUI,2,LEE TUNG KONG,2651,B,False
355,H02,LUNG HA,1,KWOK SAU YING,4394,D,True
356,H02,LUNG HA,2,CHUNG POK MAN,2192,B,False
357,H03,LUNG SHEUNG,1,CHAN CHUN YUE,4460,D,True
358,H03,LUNG SHEUNG,2,LAM MAN FAI,3581,B,False
359,H04,FUNG WONG,1,YEUNG NOK HIN,1831,B,False
360,H04,FUNG WONG,2,TANG WAI KEUNG,2882,D,True
361,H05,FUNG TAK,1,YUET NGAI KEUNG,3436,B,False
362,H05,FUNG TAK,2,CHEUNG KA YI,4396,D,True
363,H06,LUNG SING,1,CHAN CHUN HUNG,336,B,False
364,H06,LUNG SING,2,"MOK KA KIT
(IVAN)",2708,B,False
365,H06,LUNG SING,3,TAM HEUNG MAN,6098,D,True
366,H06,LUNG SING,4,NGOK KING FUN,130,B,False
367,H07,SAN PO KONG,1,CHAN KAI SHUN,4372,D,True
368,H07,SAN PO KONG,2,LUI KAI LIN WENDY,3468,B,False
369,H08,TUNG TAU,1,LI TAK HONG,3659,B,False
370,H08,TUNG TAU,2,WAN CHI CHUNG HIROKO,3822,D,True
371,H09,TUNG MEI,1,YEUNG KWONG FU,2314,B,False
372,H09,TUNG MEI,2,SZE TAK LOY,4854,D,True
373,H10,LOK FU,1,LEUNG MING HONG,3451,D,True
374,H10,LOK FU,2,CHAN WAI KWAN ANDIE,2764,B,False
375,H11,WANG TAU HOM,1,"LAU KA MAN
(CARMEN)",4518,D,True
376,H11,WANG TAU HOM,2,LAI WING HO JOE,3401,B,False
377,H12,TIN KEUNG,1,CHAN ON TAI,3075,B,False
378,H12,TIN KEUNG,2,"CHENG MAN KIT
(JC)",4608,D,True
379,H13,TSUI CHUK & PANG CHING,1,YAU HON PONG,4087,D,True
380,H13,TSUI CHUK & PANG CHING,2,CHAN YING LEONARD,3838,I,False
381,H13,TSUI CHUK & PANG CHING,3,SHAM HI MING ANTHONY,476,I,False
382,H14,CHUK YUEN SOUTH,1,LEE KIN CHUNG,2576,B,False
383,H14,CHUK YUEN SOUTH,2,HUI KAM SHING,3838,D,True
384,H15,CHUK YUEN NORTH,1,CHENG TSZ KIN,4221,D,True
385,H15,CHUK YUEN NORTH,2,TING CHI WAI ROY,3384,B,False
386,H16,TSZ WAN WEST,1,CHEUNG MAU CHING,5010,D,True
387,H16,TSZ WAN WEST,2,YUEN KWOK KEUNG,3642,B,False
388,H17,CHING OI,1,SHAM YU HIN,5764,D,True
389,H17,CHING OI,2,POON CHEUK BUN,3670,B,False
390,H18,CHING ON,1,LAU HOK LIM,2584,B,False
391,H18,CHING ON,2,WONG YAT YUK,5862,D,True
392,H19,TSZ WAN EAST,1,HO HON MAN,3624,B,False
393,H19,TSZ WAN EAST,2,MOK YEE HA,4709,D,True
394,H20,KING FU,1,MOK KA HAN ROSANDA,5559,D,True
395,H20,KING FU,2,WONG CHUN KIN,3903,B,False
396,H21,CHOI WAN EAST,1,CHOY TSZ KIN TIMOTHY,2773,B,False
397,H21,CHOI WAN EAST,2,LIU SING LEE,2976,D,True
398,H22,CHOI WAN SOUTH,1,KONG KING SAN,2414,B,False
399,H22,CHOI WAN SOUTH,2,SHUM WAN WA,3335,D,True
400,H23,CHOI WAN WEST,1,CHAN LEE SHING,3501,D,True
401,H23,CHOI WAN WEST,2,TAM MEI PO,2936,B,False
402,H24,CHI CHOI,1,SO KA LOK,2856,B,False
403,H24,CHI CHOI,2,WU CHI KIN,4055,D,True
404,H25,CHOI HUNG,1,MOCK HO CHIT SEAN,3523,D,True
405,H25,CHOI HUNG,2,MOK KIN WING,3439,B,False
406,J01,KWUN TONG CENTRAL,1,CHAN WAH YU NELSON,2245,B,False
407,J01,KWUN TONG CENTRAL,2,LEUNG YIK TING EDITH,2863,D,True
408,J02,KOWLOON BAY,1,POON YAM WAI CHUN WINNIE,3454,D,True
409,J02,KOWLOON BAY,2,LAI YU HING,557,I,False
410,J02,KOWLOON BAY,3,LAI CHUN MAN,1286,D,False
411,J03,KAI YIP,1,AU YEUNG KWAN NOK,3794,B,False
412,J03,KAI YIP,2,WAN KA HIM,4433,D,True
413,J04,LAI CHING,1,"BUX SHEIK ANTHONY
(ANTHONY BUX)",5364,D,True
414,J04,LAI CHING,2,CHAN SIN TING,2494,B,False
415,J05,PING SHEK,1,LAI PO KWAI,2982,D,True
416,J05,PING SHEK,2,CHAN CHUN KIT,2849,B,False
417,J06,CHOI TAK,1,TAM SIU CHEUK,2882,B,True
418,J06,CHOI TAK,2,LAM TSZ KUEN,2156,D,False
419,J07,JORDAN VALLEY,1,NGAN MAN YU,3694,B,True
420,J07,JORDAN VALLEY,2,WONG KA LOK,3560,D,False
421,J08,SHUN TIN,1,"KWOK BIT CHUN
(BENJAMIN KWOK)",3136,B,False
422,J08,SHUN TIN,2,MOK KIN SHING,5123,D,True
423,J09,SHEUNG SHUN,1,CHAN CHO KWONG,949,B,False
424,J09,SHEUNG SHUN,2,LEUNG MARK HON KEI,3006,D,False
425,J09,SHEUNG SHUN,3,FU PIK CHUN,4200,B,True
426,J10,ON LEE,1,CHOY CHAK HUNG,3687,D,True
427,J10,ON LEE,2,TSANG WING FAI,2704,B,False
428,J11,KWUN TONG ON TAI,1,LIN KUAN TSUN,2241,D,False
429,J11,KWUN TONG ON TAI,2,LAM WAI,2901,B,True
430,J12,SAU MAU PING NORTH,1,TANG WAI MAN RAYMOND,3993,D,True
431,J12,SAU MAU PING NORTH,2,WONG CHUN PING,3564,B,False
432,J13,SAU MAU PING CENTRAL,1,SO WAI YEUNG DANNY,3872,D,False
433,J13,SAU MAU PING CENTRAL,2,CHEUNG PUI KONG,4176,B,True
434,J14,ON TAT,1,LEE SENG CHANG,38,I,False
435,J14,ON TAT,2,LAU PAK YUEN,43,I,False
436,J14,ON TAT,3,"SIU HO YIN
(JASON)",2393,D,False
437,J14,ON TAT,4,HSU YAU WAI,3499,B,True
438,J15,SAU MAU PING SOUTH,1,LEI TSZ SHING,3711,D,False
439,J15,SAU MAU PING SOUTH,2,CHAN YIU HUNG JIMMY,3977,B,True
440,J16,PO TAT,1,FUNG KA LUNG,4311,D,True
441,J16,PO TAT,2,HUNG KAM IN,3946,B,False
442,J17,KWONG TAK,1,OR CHONG SHING WILSON,4514,B,True
443,J17,KWONG TAK,2,TAM TAK CHI,4327,D,False
444,J18,HING TIN,1,"IP TSZ KIT
(NELSON)",4751,D,True
445,J18,HING TIN,2,"YU SIU LUN
(ALAN YU)",3417,B,False
446,J19,LAM TIN,1,KAN MING TUNG,4080,B,True
447,J19,LAM TIN,2,FUNG TAK SUM,4030,D,False
448,J20,PING TIN,1,"CHAN YIK SHUN
(EASON CHAN)",4490,D,True
449,J20,PING TIN,2,YIU PAK LEUNG,4012,B,False
450,J21,PAK NGA,1,HO KAI MING,3066,B,False
451,J21,PAK NGA,2,CHAN YU MING,138,D,False
452,J21,PAK NGA,3,CHAN MAN KIN,3825,D,True
453,J22,CHUN CHEUNG,1,WONG KAI SAN,2721,B,False
454,J22,CHUN CHEUNG,2,TSE SUK CHUN,4480,D,True
455,J23,YAU TONG EAST,1,KUNG CHUN KI,2997,D,True
456,J23,YAU TONG EAST,2,CHEUNG KI TANG,2972,B,False
457,J24,YAU CHUI,1,LEUNG KA SHING,68,D,False
458,J24,YAU CHUI,2,CHUNG SUI KWAN,2572,D,False
459,J24,YAU CHUI,3,CHAN FU KING,605,I,False
460,J24,YAU CHUI,4,PANG CHI SANG,2857,B,True
461,J25,YAU LAI,1,WANG WAI LUN,3070,D,True
462,J25,YAU LAI,2,LAI SHU HO PATRICK,2530,B,False
463,J26,YAU TONG WEST,1,LUI TUNG HAI,3853,B,True
464,J26,YAU TONG WEST,2,WONG SIU NAM MICHAEL,3541,D,False
465,J27,LAGUNA CITY,1,TANG WING CHUN,3951,B,False
466,J27,LAGUNA CITY,2,LI WAI LAM WILLIAM,6450,D,True
467,J28,KING TIN,1,LUI SIK KWAN DANNY,3518,B,False
468,J28,KING TIN,2,WONG KA YING,5638,D,True
469,J29,TSUI PING,1,CHENG KEUNG FUNG,3822,B,False
470,J29,TSUI PING,2,HUNG CHUN HIN,4203,D,True
471,J30,HIU LAI,1,CHEUNG MAN FUNG WILSON,5470,D,True
472,J30,HIU LAI,2,SO LAI CHUN,3644,B,False
473,J31,PO LOK,1,"FUNG WANG YUI
(RIO)",2252,B,False
474,J31,PO LOK,2,CHENG KENG IEONG,4070,D,True
475,J32,YUET WAH,1,HSU HOI SHAN,2557,B,False
476,J32,YUET WAH,2,LEUNG JANNELLE ROSALYNNE,2969,D,True
477,J33,HIP HONG,1,CHAN CHUNG BUN BUNNY,2329,B,False
478,J33,HIP HONG,2,LI KA TAT,2612,D,True
479,J34,LOK WAH SOUTH,1,LEE KA HANG,2774,B,False
480,J34,LOK WAH SOUTH,2,SO KOON CHUNG KEVIN,2856,D,True
481,J35,LOK WAH NORTH,1,WONG CHI KEN,3628,D,True
482,J35,LOK WAH NORTH,2,LIANG LI,2346,B,False
483,J36,HONG LOK,1,CHAN CHRIS KA YIN,3231,D,True
484,J36,HONG LOK,2,MA YAT CHIU,2359,B,False
485,J37,TING ON,1,KAM KIN,2752,B,False
486,J37,TING ON,2,WONG KAI MING,3522,D,True
487,J38,UPPER NGAU TAU KOK ESTATE,1,CHENG CHUN WAH,3093,D,False
488,J38,UPPER NGAU TAU KOK ESTATE,2,LEUNG TANG FUNG,3247,B,True
489,J39,LOWER NGAU TAU KOK ESTATE,1,CHEUNG YIU PAN,3704,B,False
490,J39,LOWER NGAU TAU KOK ESTATE,2,LI WING SHAN,3962,D,True
491,J40,TO TAI,1,LEE KWAN CHAK,3940,D,True
492,J40,TO TAI,2,YIP HING KWOK,2398,B,False
493,K01,TAK WAH,1,LO SIU KIT,1756,B,False
494,K01,TAK WAH,2,LAU JACKSON,1964,D,True
495,K02,YEUNG UK ROAD,1,NG CHUN YU,2614,B,False
496,K02,YEUNG UK ROAD,2,WONG MAN CHAU,108,I,False
497,K02,YEUNG UK ROAD,3,LAM SEK TIM,2788,D,True
498,K03,TSUEN WAN SOUTH,1,CHAN KIT WILLIAM,1860,B,False
499,K03,TSUEN WAN SOUTH,2,LUK LING CHUNG ANTONIO,3261,D,True
500,K03,TSUEN WAN SOUTH,3,MA TING HEI,880,I,False
501,K04,HOI BUN,1,"MOK YUEN KWAN
(MARCUS)",1940,B,False
502,K04,HOI BUN,2,SHUM LESTER,5113,D,True
503,K04,HOI BUN,3,CHAN YUE HAI LEO,22,D,False
504,K04,HOI BUN,4,"CHOW PING TIM
(TIMMY)",1974,B,False
505,K05,TSUEN WAN WEST,1,YICK SHING CHUNG ANGUS,4718,D,True
506,K05,TSUEN WAN WEST,2,LAM LAM NIXIE,2910,B,False
507,K06,CLAGUE GARDEN,1,CHAN KIM KAM,2797,D,True
508,K06,CLAGUE GARDEN,2,KOO YEUNG PONG,2730,B,False
509,K07,TSUEN WAN CENTRE,1,LI HUNG POR,3887,D,True
510,K07,TSUEN WAN CENTRE,2,TSANG TAI,2479,B,False
511,K08,DISCOVERY PARK,1,LAU CHEUK YU,4498,D,True
512,K08,DISCOVERY PARK,2,TIEN MICHAEL PUK SUN,3804,B,False
513,K09,FUK LOI,1,NG KA YEE VICTORIA,226,I,False
514,K09,FUK LOI,2,KOT SIU YUEN,2871,B,True
515,K09,FUK LOI,3,WONG CHARM LUEN,2351,D,False
516,K10,LUK YEUNG,1,PUN LONG CHUNG ROY,3677,D,True
517,K10,LUK YEUNG,2,LAM FAAT KANG,2810,B,False
518,K11,MA WAN,1,TAM HOI PONG,3538,D,True
519,K11,MA WAN,2,WONG CHUN YEUNG,1493,B,False
520,K11,MA WAN,3,LUN CHI WAI,90,I,False
521,K12,TSUEN WAN RURAL,1,TAM PUI YAN,3054,D,False
522,K12,TSUEN WAN RURAL,2,"NG HIN LUNG
(NORRIS)",3409,I,True
523,K12,TSUEN WAN RURAL,3,KWAN SAN WAI,1221,B,False
524,K13,TING SHAM,1,WAN CHUEN LUN SAMSON,18,I,False
525,K13,TING SHAM,2,LAU CHI HUNG,3489,D,True
526,K13,TING SHAM,3,CHENG CHIT PUN,2931,B,False
527,K13,TING SHAM,4,LAM BRIAN,149,B,False
528,K14,LAI TO,1,WONG WAI KIT,3624,B,False
529,K14,LAI TO,2,"TSE MAN CHAK
(RONALD)",5098,D,True
530,K15,ALLWAY,1,CHIU YAN LOY,4444,D,True
531,K15,ALLWAY,2,LAM YUEN PUN,3446,B,False
532,K16,CHEUNG SHEK,1,LAI MAN FAI,2857,D,True
533,K16,CHEUNG SHEK,2,CHAN CHUN CHUNG,2387,B,False
534,K17,SHEK WAI KOK,1,LIU HO WAN,2464,D,False
535,K17,SHEK WAI KOK,2,MAN YU MING,2684,B,True
536,K18,LEI MUK SHUE WEST,1,FUNG CHEUK SUM,2108,B,False
537,K18,LEI MUK SHUE WEST,2,WONG KA WA,4129,D,True
538,K19,LEI MUK SHUE EAST,1,LAM HIN FAI,2441,B,False
539,K19,LEI MUK SHUE EAST,2,CHAN YUEN SUM SUMLY,5214,D,True
540,L01,TUEN MUN TOWN CENTRE,1,"LAI CHUN WING
(ALFRED)",4161,D,True
541,L01,TUEN MUN TOWN CENTRE,2,AU CHI YUEN,2424,B,False
542,L02,SIU CHI,1,WONG KA LEUNG,1623,B,False
543,L02,SIU CHI,2,LAM CHUNG HOI,5798,D,True
544,L03,ON TING,1,FUNG PUI YIN,3313,B,False
545,L03,ON TING,2,KONG FUNG YI,4204,D,True
546,L04,SIU TSUI,1,YIP MAN PAN,4224,B,False
547,L04,SIU TSUI,2,YAN PUI LAM,5769,D,True
548,L05,YAU OI SOUTH,1,LAM KIN CHEUNG,3954,D,True
549,L05,YAU OI SOUTH,2,TSANG HIN HONG,2279,B,False
550,L06,YAU OI NORTH,1,LAM MING YAN,4074,D,True
551,L06,YAU OI NORTH,2,IP CHUN YUEN,2345,B,False
552,L07,TSUI HING,1,POON CHI KIN,4662,D,True
553,L07,TSUI HING,2,CHU YIU WAH,3028,B,False
554,L08,SHAN KING,1,NG DIP PUI,2653,B,False
555,L08,SHAN KING,2,WONG TAN CHING,4780,D,True
556,L09,KING HING,1,LAU HANG YI,105,I,False
557,L09,KING HING,2,LAW CHEUK YUNG,2756,D,False
558,L09,KING HING,3,CHAN YAU HOI,2893,B,True
559,L10,HING TSAK,1,TSANG CHUN HING,3815,D,True
560,L10,HING TSAK,2,TSUI FAN,3390,B,False
561,L11,SAN HUI,1,CHEUNG HO SUM,3276,D,True
562,L11,SAN HUI,2,KWU HON KEUNG,2140,B,False
563,L12,SO KWUN WAT,1,CHAN JEREMY KA CHING,982,B,False
564,L12,SO KWUN WAT,2,LAU KAI MAN PETER,466,B,False
565,L12,SO KWUN WAT,3,MA KEE,1648,D,True
566,L13,SAM SHING,1,MO KWAN TAI MICHAEL,2834,D,True
567,L13,SAM SHING,2,SO SHIU SHING,2198,B,False
568,L14,HANFORD,1,CHU SHUN NGA BEATRICE,3857,D,True
569,L14,HANFORD,2,FONG SHUN YAN,1981,B,False
570,L15,YUET WU,1,KWUN TUNG WING,141,B,False
571,L15,YUET WU,2,CHEUNG HANG FAI,2415,B,False
572,L15,YUET WU,3,WONG HUNG MING,4419,D,True
573,L16,SIU HEI,1,YAN SIU NAM,3934,D,True
574,L16,SIU HEI,2,TSOI SHING HIN,1808,B,False
575,L17,WU KING,1,CHOW KAI LIM,3724,D,True
576,L17,WU KING,2,LEUNG KIN MAN,1766,B,False
577,L18,BUTTERFLY,1,YEUNG CHI HANG,4279,D,True
578,L18,BUTTERFLY,2,CHUNG KIN FUNG,2809,B,False
579,L19,FU SUN,1,LEE KA WAI,5486,D,True
580,L19,FU SUN,2,KAM MAN FUNG,3599,B,False
581,L20,LOK TSUI,1,HO KWAN YIU,2626,B,False
582,L20,LOK TSUI,2,LO CHUN YU,3839,D,True
583,L20,LOK TSUI,3,CHIANG CHING MAN,56,I,False
584,L21,LUNG MUN,1,TSANG KAM WING,4410,D,True
585,L21,LUNG MUN,2,LUNG SHUI HING,2931,B,False
586,L22,SAN KING,1,CHAN TSIM HENG,2040,B,False
587,L22,SAN KING,2,WONG LAI SHEUNG CATHERINE,4698,D,True
588,L23,LEUNG KING,1,CHING CHI HUNG,2697,B,False
589,L23,LEUNG KING,2,WONG TAK YUEN,4073,D,True
590,L23,LEUNG KING,3,TANG MAN KIT,303,I,False
591,L24,TIN KING,1,LEUNG HO MAN,4254,D,True
592,L24,TIN KING,2,LEUNG YAT LONG,758,D,False
593,L24,TIN KING,3,LUI MEI YUK,37,I,False
594,L24,TIN KING,4,LEE HUNG SHAM LOTHAR,3038,B,False
595,L25,PO TIN,1,SO KA MAN,2562,B,True
596,L25,PO TIN,2,CHEUNG TSAN WA,1885,D,False
597,L26,KIN SANG,1,CHAN MAN WAH,3096,B,False
598,L26,KIN SANG,2,LAW PEI LEE,4730,D,True
599,L27,SIU HONG,1,MO SHING FUNG,2939,B,False
600,L27,SIU HONG,2,CHAN SHU YING JOSEPHINE,3784,D,True
601,L28,YAN TIN,1,WONG CHI CHUN,611,I,False
602,L28,YAN TIN,2,"LAI KA MAN
(APPLE)",2203,B,True
603,L28,YAN TIN,3,LO WAI MING,1865,D,False
604,L29,TUEN MUN RURAL,1,TO SHECK YUEN,2513,B,False
605,L29,TUEN MUN RURAL,2,CHEUNG KAM HUNG KENNETH,3797,D,True
606,L30,FU TAI,1,HO KWOK HO,5590,D,True
607,L30,FU TAI,2,CHAN MANWELL,3461,B,False
608,L31,PRIME VIEW,1,HO HANG MUI,5534,D,True
609,L31,PRIME VIEW,2,KWONG MAN TIK,2649,B,False
610,M01,FUNG NIN,1,"CHAN KING LUN KISSLAN
(K-SIR)",3476,D,True
611,M01,FUNG NIN,2,LUI KIN,3003,B,False
612,M02,YUEN LONG CENTRE,1,SIU LONG MING,1797,B,False
613,M02,YUEN LONG CENTRE,2,SHEK KING CHING,2637,D,True
614,M03,FUNG CHEUNG,1,CHONG CHIN MING,2448,B,False
615,M03,FUNG CHEUNG,2,MAK IP SING,3832,D,True
616,M04,YUEN LUNG,1,CHEUNG SAU YIN,3177,D,True
617,M04,YUEN LUNG,2,CHOW LOK NING ERIC,7,I,False
618,M04,YUEN LUNG,3,WONG WAI SHUN,2281,B,False
619,M05,SHAP PAT HEUNG CENTRAL,1,"FONG HO HIN
(WILLIS)",4013,D,True
620,M05,SHAP PAT HEUNG CENTRAL,2,CHOW YIP MING,139,I,False
621,M05,SHAP PAT HEUNG CENTRAL,3,LEUNG MING KIN,2473,B,False
622,M06,SHUI PIN,1,POON SIN MAN IVALINE,86,D,False
623,M06,SHUI PIN,2,YUEN MAN YEE,3466,B,False
624,M06,SHUI PIN,3,LAI KWOK WING,3799,D,True
625,M07,NAM PING,1,LAM WAI MING,2102,B,False
626,M07,NAM PING,2,WONG WAI YIN ZACHARY,3727,D,True
627,M07,NAM PING,3,CHAN WAI YI,126,I,False
628,M08,PEK LONG,1,TAM WAI LAM AUGUST,2584,B,False
629,M08,PEK LONG,2,KWONG CHUN YU,4382,D,True
630,M09,YUEN LONG TUNG TAU,1,LAM TING WAI,2377,D,True
631,M09,YUEN LONG TUNG TAU,2,LI KAI LAP RIBEN,1614,B,False
632,M10,SHAP PAT HEUNG NORTH,1,LAU CHUN YU ADRIAN,1602,D,False
633,M10,SHAP PAT HEUNG NORTH,2,SHUM HO KIT,1896,B,True
634,M11,SHAP PAT HEUNG EAST,1,LAM TIM FOOK,1500,B,False
635,M11,SHAP PAT HEUNG EAST,2,LEE CHUN WAI,1838,D,True
636,M11,SHAP PAT HEUNG EAST,3,WONG PAK YAN,488,B,False
637,M12,SHAP PAT HEUNG WEST,1,SZE-TO POK MAN,3391,D,True
638,M12,SHAP PAT HEUNG WEST,2,CHAN YAU HUNG,344,B,False
639,M12,SHAP PAT HEUNG WEST,3,LEUNG FUK YUEN,3080,B,False
640,M13,PING SHAN SOUTH,1,WONG CHUNG MING,18,I,False
641,M13,PING SHAN SOUTH,2,LEUNG TAK MING,3172,D,True
642,M13,PING SHAN SOUTH,3,TANG LUNG WAI,529,D,False
643,M13,PING SHAN SOUTH,4,CHEUNG WAI SUM,2270,B,False
644,M14,HUNG FUK,1,CHAN SHU FAI EDDIE,1780,D,True
645,M14,HUNG FUK,2,POON SIN YAN,12,I,False
646,M14,HUNG FUK,3,CHUI KWAN SIU,1626,B,False
647,M15,HA TSUEN,1,TUNG CHING KON,2091,D,False
648,M15,HA TSUEN,2,TANG KA LEUNG,2937,B,True
649,M16,PING SHAN CENTRAL,1,TANG TAT SIN,2294,B,False
650,M16,PING SHAN CENTRAL,2,CHEUNG CHI YEUNG FELIX,2479,D,True
651,M17,SHING YAN,1,CHONG HO FUNG,1195,B,False
652,M17,SHING YAN,2,LAM WAI MING,1495,B,False
653,M17,SHING YAN,3,NG KA CHUN,61,D,False
654,M17,SHING YAN,4,WONG KWOK HUNG,60,D,False
655,M17,SHING YAN,5,AU KWOK KUEN,3530,D,True
656,M18,TIN SHING,1,CHAN SZE CHING,2830,B,False
657,M18,TIN SHING,2,HAU MAN KIN,3347,D,True
658,M19,TIN YIU,1,LEUNG CHIN HANG,372,D,False
659,M19,TIN YIU,2,HO WAI PAN,3513,D,True
660,M19,TIN YIU,3,SZE TO CHUN HIN,2408,B,False
661,M19,TIN YIU,4,CHAN FOR YI,55,I,False
662,M20,YIU YAU,1,MA SHUK YIN,2444,B,False
663,M20,YIU YAU,2,NG HIN WANG,4027,D,True
664,M21,TSZ YAU,1,CHAN MEI LIN,4238,D,True
665,M21,TSZ YAU,2,SO YUEN,2376,B,False
666,M22,KINGSWOOD SOUTH,1,CHAM KA HUNG DANIEL,3159,B,False
667,M22,KINGSWOOD SOUTH,2,"NG YUK YING
(KATY)",3882,D,True
668,M23,SHUI OI,1,TONG TAK CHUN,3005,B,False
669,M23,SHUI OI,2,"LAI PO WA
(SANDY LAI)",4605,D,True
670,M23,SHUI OI,3,WONG CHI FAI,960,I,False
671,M24,SHUI WAH,1,LAM CHUN,3955,D,True
672,M24,SHUI WAH,2,WONG CHI NGAI,528,B,False
673,M24,SHUI WAH,3,CHOW WING KAN,2264,B,False
674,M25,CHUNG WAH,1,WONG WAI LING,2680,B,False
675,M25,CHUNG WAH,2,CHAN SZE NGA,3659,D,True
676,M26,CHUNG PAK,1,CHEUNG KWOK TUNG,187,I,False
677,M26,CHUNG PAK,2,LEE WAI FUNG,3249,D,True
678,M26,CHUNG PAK,3,KWOK CHING YIN,2404,B,False
679,M27,KINGSWOOD NORTH,1,"NG KIN WAI
(MR. K)",4371,D,True
680,M27,KINGSWOOD NORTH,2,"TO HO SHUN
(JW)",177,I,False
681,M27,KINGSWOOD NORTH,3,LEE YUET MAN,4206,B,False
682,M28,YUET YAN,1,HONG CHIN WAH,3416,D,True
683,M28,YUET YAN,2,LAI YUET KWAN FENNIE,2837,B,False
684,M29,CHING KING,1,KWOK MAN HO,3809,D,True
685,M29,CHING KING,2,TANG CHEUK HIM,3154,B,False
686,M30,FU YAN,1,LAU KWAI YUNG,3557,B,False
687,M30,FU YAN,2,KWAN CHUN SANG,4325,D,True
688,M31,YAT CHAK,1,WONG WING SZE,4454,D,True
689,M31,YAT CHAK,2,FAN REGINE HUI YU,600,I,False
690,M31,YAT CHAK,3,KWOK HING PING,2607,B,False
691,M32,TIN HENG,1,WONG PAK YU,6004,D,True
692,M32,TIN HENG,2,CHAN KA CHUN,37,D,False
693,M32,TIN HENG,3,CHAN CHI SHING STANLEY,37,I,False
694,M32,TIN HENG,4,LUK CHUNG HUNG,3731,B,False
695,M33,WANG YAT,1,MO KAI HONG,5100,D,True
696,M33,WANG YAT,2,CHO KIN FOR,204,I,False
697,M33,WANG YAT,3,YIU KWOK WAI,2849,B,False
698,M33,WANG YAT,4,KWAN KA LAI,51,D,False
699,M34,PING SHAN NORTH,1,LAW TING FAI,2219,D,False
700,M34,PING SHAN NORTH,2,YOUNG KA ON,2221,B,True
701,M35,FAIRVIEW PARK,1,CHAN SANG FAT,77,I,False
702,M35,FAIRVIEW PARK,2,CHEUNG KUNG FAT,3211,B,False
703,M35,FAIRVIEW PARK,3,TO KA LUN,4329,D,True
704,M35,FAIRVIEW PARK,4,WONG WING HO ALLAN,195,B,False
705,M36,SAN TIN,1,MAN KWAI KI,160,B,False
706,M36,SAN TIN,2,CHAU CHUN KUN,161,B,False
707,M36,SAN TIN,3,TSUI KAI LUNG,2032,D,False
708,M36,SAN TIN,4,MAN FU WAN,2257,B,True
709,M37,KAM TIN,1,TANG CHEUK YIN,2293,B,False
710,M37,KAM TIN,2,"LI CHUNG CHI
(CHRIS)",2569,D,True
711,M38,PAT HEUNG NORTH,1,TANG CHI KWONG,1724,B,False
712,M38,PAT HEUNG NORTH,2,LEE KAN MING,1833,D,False
713,M38,PAT HEUNG NORTH,3,TANG YUNG YIU RONNIE,1848,B,True
714,M39,PAT HEUNG SOUTH,1,LAI WING TIM,3799,B,True
715,M39,PAT HEUNG SOUTH,2,CHUI CHEUK YIN JO,41,D,False
716,M39,PAT HEUNG SOUTH,3,CHU HOI DICK EDDIE,3435,D,False
717,N01,LUEN WO HUI,1,TSANG HING LUNG,3491,B,False
718,N01,LUEN WO HUI,2,CHOW KAM HO,4491,D,True
719,N01,LUEN WO HUI,3,KONG MEI TING,42,I,False
720,N02,FANLING TOWN,1,YIP YIU SHING CHRIS,290,I,False
721,N02,FANLING TOWN,2,WONG HOI YING,2761,D,True
722,N02,FANLING TOWN,3,PANG CHUN SING GEORGE,1830,B,False
723,N03,CHEUNG WAH,1,WONG KA HO,1381,D,False
724,N03,CHEUNG WAH,2,LAM CHI YEUNG,2678,B,False
725,N03,CHEUNG WAH,3,CHAN YUK MING,4446,D,True
726,N04,WAH DO,1,CHEUNG CHUN WAI,5288,D,True
727,N04,WAH DO,2,YIU MING,3724,B,False
728,N05,WAH MING,1,PUN HAU MAN,3124,B,False
729,N05,WAH MING,2,LAU KA HO,214,D,False
730,N05,WAH MING,3,CHAN WAI TAT,5314,D,True
731,N06,YAN SHING,1,LAM SHUK CHING,5939,D,True
732,N06,YAN SHING,2,LAU KWOK FAN,4329,B,False
733,N07,FANLING SOUTH,1,LEE LAP HONG ALMUSTAFA,668,D,False
734,N07,FANLING SOUTH,2,HO SHU KWONG RAYMOND,2507,I,False
735,N07,FANLING SOUTH,3,CHEUNG CHING HO FRANCO,2735,D,True
736,N08,SHING FUK,1,WAN WO TAT WARWICK,3181,B,True
737,N08,SHING FUK,2,WONG LEUNG HI,1754,D,False
738,N08,SHING FUK,3,LUI CHI HANG HENDRICK,2656,D,False
739,N09,CHING HO,1,CHENG SHI LAN,512,I,False
740,N09,CHING HO,2,YUEN HO LUN,3944,D,True
741,N09,CHING HO,3,LARM WAI LEUNG,2871,B,False
742,N10,YU TAI,1,TSANG KING CHUNG KENT,2981,B,False
743,N10,YU TAI,2,CHAN VINCENT CHI FUNG,3378,D,True
744,N11,SHEUNG SHUI RURAL,1,HAU FUK TAT SIMON,3371,B,True
745,N11,SHEUNG SHUI RURAL,2,HAU HIU TUNG,2589,D,False
746,N12,CHOI YUEN,1,LAM TSZ KING,4295,D,True
747,N12,CHOI YUEN,2,SO SAI CHI,3305,B,False
748,N12,CHOI YUEN,3,WONG SING CHI,177,B,False
749,N13,SHEK WU HUI,1,"LEUNG KAM SHING CLARENCE RONALD
(KAM KAM)",469,D,False
750,N13,SHEK WU HUI,2,HUNG WING YIP,2684,B,False
751,N13,SHEK WU HUI,3,LAM CHEUK TING,3926,D,True
752,N14,TIN PING WEST,1,WONG WANG TO,2925,B,False
753,N14,TIN PING WEST,2,KWOK LONG FUNG,4470,D,True
754,N15,FUNG TSUI,1,LIU HING HUNG,2963,B,False
755,N15,FUNG TSUI,2,CHIANG MAN CHING,3630,D,True
756,N16,SHA TA,1,CHOY YUK WAI LESTER JOHN,2242,D,False
757,N16,SHA TA,2,KO WAI KEI,3143,B,True
758,N17,TIN PING EAST,1,LUI YUK SHAN,143,I,False
759,N17,TIN PING EAST,2,LAU KI FUNG,4513,D,True
760,N17,TIN PING EAST,3,OR SIN YI WINDY,2500,B,False
761,N18,QUEEN'S HILL,1,TANG CHUN KIN,549,I,False
762,N18,QUEEN'S HILL,2,TANG KUN NIN TONY,2054,B,False
763,N18,QUEEN'S HILL,3,LAW TING TAK,2969,D,True
764,P01,TAI PO HUI,1,LAM MING YAT,2466,D,True
765,P01,TAI PO HUI,2,"CHEUNG KWOK WAI
(WILLIAM)",1886,B,False
766,P02,CHUNG TING,1,MAN NIM CHI,4454,D,True
767,P02,CHUNG TING,2,TAM WING FUN ERIC,2503,B,False
768,P03,TAI PO CENTRAL,1,MUI SIU FUNG,2136,B,False
769,P03,TAI PO CENTRAL,2,AU CHUN WAH,4279,D,True
770,P04,TAI YUEN,1,CHENG CHUN PING,2135,B,False
771,P04,TAI YUEN,2,AU CHUN HO,3693,D,True
772,P04,TAI YUEN,3,SO MA TSUN,442,B,False
773,P04,TAI YUEN,4,WONG TING YAN COLOR,118,I,False
774,P05,FU HENG,1,YAM MAN CHUEN,2161,D,False
775,P05,FU HENG,2,WU CHEUK HIM,2700,B,False
776,P05,FU HENG,3,HO WAI LAM,3435,D,True
777,P06,YEE FU,1,YAM KAI BONG,6028,D,True
778,P06,YEE FU,2,LO CHI PING,2479,B,False
779,P07,FU MING SUN,1,KWAN WING YIP,4670,D,True
780,P07,FU MING SUN,2,NG CHEUK WING,1962,B,False
781,P08,KWONG FUK & PLOVER COVE,1,LIN KOK CHEUNG DALU,3768,D,True
782,P08,KWONG FUK & PLOVER COVE,2,WONG PIK KIU,2804,B,False
783,P08,KWONG FUK & PLOVER COVE,3,KWOK SHU YAN,31,I,False
784,P09,WANG FUK,1,WOO KIN MAN CLEMENT,3254,B,False
785,P09,WANG FUK,2,YIU KWAN HO,4266,D,True
786,P10,TAI PO KAU,1,CHAN SIU KUEN,2902,B,False
787,P10,TAI PO KAU,2,MO KA CHUN PATRICK,3346,D,True
788,P11,WAN TAU TONG,1,"YU CHI WING
(KEN YU)",3603,B,False
789,P11,WAN TAU TONG,2,WONG SIU KIN,5541,D,True
790,P12,SAN FU,1,LO HIU FUNG,3424,B,False
791,P12,SAN FU,2,WU YIU CHEONG,4435,D,True
792,P13,LAM TSUEN VALLEY,1,CHAN CHO LEUNG,3321,B,False
793,P13,LAM TSUEN VALLEY,2,CHAN CHUN CHIT RICHARD,3605,D,True
794,P14,PO NGA,1,YIP CHUN KIT,3300,B,False
795,P14,PO NGA,2,CHOW YUEN WAI,6657,D,True
796,P15,TAI WO,1,CHENG CHUN WO,3093,B,False
797,P15,TAI WO,2,CHAN WAI KA OLIVE,4370,D,True
798,P16,OLD MARKET & SERENITY,1,LAU MAN KIT,2310,B,False
799,P16,OLD MARKET & SERENITY,2,LAU YUNG WAI,5383,D,True
800,P17,HONG LOK YUEN,1,TANG MING TAI PATRICK,2419,B,False
801,P17,HONG LOK YUEN,2,"YIU YEUK SANG ZERO
(MANSON)",3302,D,True
802,P18,SHUEN WAN,1,SO TAT LEUNG,3583,D,True
803,P18,SHUEN WAN,2,"LAU CHEE SING
(DR.)",3444,B,False
804,P19,SAI KUNG NORTH,1,"TAM YI PUI
(BEN)",2730,D,True
805,P19,SAI KUNG NORTH,2,LI WAH KWONG REX,1964,B,False
806,Q01,SAI KUNG CENTRAL,1,NG SZE FUK,2137,B,False
807,Q01,SAI KUNG CENTRAL,2,"LEUNG HIN YAN
(ZOE)",2550,D,True
808,Q02,PAK SHA WAN,1,HO STANLEY WAI HONG,2805,D,True
809,Q02,PAK SHA WAN,2,CHAN KUEN KWAN,2109,B,False
810,Q03,SAI KUNG ISLANDS,1,"CHAN KA LAM
(DEBBY)",2127,D,True
811,Q03,SAI KUNG ISLANDS,2,"LI KA LEUNG PHILIP
(PHILIP LI)",1552,B,False
812,Q04,HANG HAU EAST,1,LAU WAI CHEUNG PETER,1559,B,False
813,Q04,HANG HAU EAST,2,LAU MAN CHOI NEWMAN,323,B,False
814,Q04,HANG HAU EAST,3,LEE YIN HO RYAN,1850,D,True
815,Q05,HANG HAU WEST,1,YU TSUN NING,3089,D,True
816,Q05,HANG HAU WEST,2,YAU HO LUN,2078,B,False
817,Q06,CHOI KIN,1,HO MAN KIT RAYMOND,1989,B,False
818,Q06,CHOI KIN,2,WONG PING HUNG ADAM,434,D,False
819,Q06,CHOI KIN,3,CHAN WAI LIT,4724,D,True
820,Q06,CHOI KIN,4,WONG YAN KET,88,I,False
821,Q06,CHOI KIN,5,TAI KA CHU RICHIE,1306,B,False
822,Q07,KIN MING,1,HO POK HO ROCCO,1953,B,False
823,Q07,KIN MING,2,LEUNG LI,5414,D,True
824,Q08,DO SHIN,1,CHONG WING FAI WINFIELD,1741,D,False
825,Q08,DO SHIN,2,LI PAK TONG,927,D,False
826,Q08,DO SHIN,3,CHEUNG CHIN PANG,2568,I,True
827,Q09,WAI KING,1,"WONG SHING KWONG
(JACK)",70,I,False
828,Q09,WAI KING,2,CHAN KAI WAI,3021,I,False
829,Q09,WAI KING,3,YIP BRANDON KENNETH,3199,D,True
830,Q10,HOI CHUN,1,LAU WAI CHEUK,17,I,False
831,Q10,HOI CHUN,2,CHIU CHI MAN,240,D,False
832,Q10,HOI CHUN,3,"LAI WAI TONG
(IVAN)",2099,D,True
833,Q10,HOI CHUN,4,HO KAM WING,234,I,False
834,Q10,HOI CHUN,5,LAM LOK YEE,1350,I,False
835,Q11,PO YEE,1,CHU LAM,2480,B,False
836,Q11,PO YEE,2,TSE CHING FUNG,4121,D,True
837,Q11,PO YEE,3,WONG HEUNG YIN,255,I,False
838,Q12,FU KWAN,1,WONG YUEN HONG,3123,B,False
839,Q12,FU KWAN,2,LUK PING CHOI,4948,D,True
840,Q13,O TONG,1,LAM SO WAI,2762,I,False
841,Q13,O TONG,2,LUI MAN KWONG,4722,D,True
842,Q14,SHEUNG TAK,1,KAN SIU KEI,3527,B,False
843,Q14,SHEUNG TAK,2,LEE KA YUI,5585,D,True
844,Q15,KWONG MING,1,OR YIU LAM RICKY,5240,D,True
845,Q15,KWONG MING,2,CHONG YUEN TUNG,3985,B,False
846,Q16,HONG KING,1,LAM SIU CHUNG FRANKIE,4037,D,True
847,Q16,HONG KING,2,CHAN KIN CHUN KEN,2140,B,False
848,Q17,TSUI LAM,1,TAM LANNY,3389,B,False
849,Q17,TSUI LAM,2,"CHOI MING HEI
(DARYL)",4222,D,True
850,Q18,PO LAM,1,FUNG KWAN ON,4599,D,True
851,Q18,PO LAM,2,TAM CHUK KWAN,3385,B,False
852,Q19,YAN YING,1,"CHUNG KAM LUN
(BEN)",5629,D,True
853,Q19,YAN YING,2,LEE KWOK PONG,3193,B,False
854,Q20,WAI YAN,1,CHUN HOI SHING,3928,D,True
855,Q20,WAI YAN,2,NG ANDREW KA CHUN,2486,B,False
856,Q21,WAN HANG,1,LAU CHI SHING,106,I,False
857,Q21,WAN HANG,2,FAN GARY KWOK WAI,3755,D,True
858,Q21,WAN HANG,3,TAI CHEUK YIN,43,I,False
859,Q21,WAN HANG,4,YEUNG CHUNG,1859,I,False
860,Q22,KING LAM,1,CHEUNG WAI CHIU,4265,D,True
861,Q22,KING LAM,2,WAN KAI MING,3233,B,False
862,Q22,KING LAM,3,LAM WING YIN,788,D,False
863,Q23,HAU TAK,1,WONG CHEUK NGA,5244,D,True
864,Q23,HAU TAK,2,MOK RUBY,3579,B,False
865,Q24,FU NAM,1,CHAN POK CHI,3606,B,False
866,Q24,FU NAM,2,CHAN YIU CHOR ANDREW,4743,D,True
867,Q25,TAK MING,1,CHENG CHUNG MAN,5420,D,True
868,Q25,TAK MING,2,CHAN CHI HO,4217,B,False
869,Q26,NAM ON,1,CHAU YIN MING FRANCIS,5524,D,True
870,Q26,NAM ON,2,CHEN YUTING,2609,B,False
871,Q27,KWAN PO,1,LAI MING CHAK,3346,D,True
872,Q27,KWAN PO,2,LI KA YAN,2016,B,False
873,Q28,WAN PO NORTH,1,FONG KWOK SHAN CHRISTINE,2998,I,True
874,Q28,WAN PO NORTH,2,HO TSZ CHUNG,2828,D,False
875,Q28,WAN PO NORTH,3,"CHAN CHIN CHUN
(CYRUS)",943,B,False
876,Q29,WAN PO SOUTH,1,"KAN SUN WA DAVID
(SHIRDY)",2063,D,False
877,Q29,WAN PO SOUTH,2,"CHEUNG MEI HUNG
(CHRIS)",3577,I,True
878,Q29,WAN PO SOUTH,3,NG HO KEI,1139,D,False
879,R01,SHA TIN TOWN CENTRE,1,WAI HING CHEUNG,4960,D,True
880,R01,SHA TIN TOWN CENTRE,2,TANG SIU FUNG CALVIN,2336,B,False
881,R02,LEK YUEN,1,WONG YUE HON,2443,B,False
882,R02,LEK YUEN,2,"SHAM TSZ KIT
(JIMMY)",3283,D,True
883,R03,WO CHE ESTATE,1,YUE SHIN MAN ANNA,3175,B,False
884,R03,WO CHE ESTATE,2,LI CHI WANG,4837,D,True
885,R03,WO CHE ESTATE,3,LAU WAI LAM WILLIAM,174,B,False
886,R04,CITY ONE,1,WONG KA WING,2753,B,False
887,R04,CITY ONE,2,WONG MAN HUEN,5122,D,True
888,R05,YUE SHING,1,SHEK WILLIAM,4406,D,True
889,R05,YUE SHING,2,LEUNG KA FAI,2668,B,False
890,R06,WONG UK,1,LAI TSZ YAN,4440,D,True
891,R06,WONG UK,2,LEUNG CHI WAI,2215,B,False
892,R07,SHA KOK,1,HA KIM KWAN,2930,B,False
893,R07,SHA KOK,2,CHAN BILLY SHIU YEUNG,4321,D,True
894,R07,SHA KOK,3,CHEUNG YUEN YING,42,D,False
895,R08,POK HONG,1,GUO XUANTONG,2302,B,False
896,R08,POK HONG,2,CHIU CHU PONG,6421,D,True
897,R09,SHUI CHUEN O,1,TANG KA PIU,3069,B,False
898,R09,SHUI CHUEN O,2,LUI YICK FONG,14,I,False
899,R09,SHUI CHUEN O,3,LO TAK MING,3101,D,True
900,R10,JAT CHUEN,1,LEUNG HO KAI,2673,B,False
901,R10,JAT CHUEN,2,YAU MAN CHUN,5280,D,True
902,R11,CHUN FUNG,1,NGAI CHI WAI,2174,B,False
903,R11,CHUN FUNG,2,LI SZE WING,43,I,False
904,R11,CHUN FUNG,3,CHAN NOK HANG,4732,D,True
905,R12,SUN TIN WAI,1,HO WAI CHUN,2737,B,False
906,R12,SUN TIN WAI,2,CHING CHEUNG YING,4212,D,True
907,R13,CHUI TIN,1,HUI YUI YU,4552,D,True
908,R13,CHUI TIN,2,LAM YUK WA,2454,B,False
909,R14,HIN KA,1,LAM CHUNG YAN,2547,B,False
910,R14,HIN KA,2,"TZE YUK MUI
(BONNIE)",203,I,False
911,R14,HIN KA,3,CHEUNG YU TIM,1246,D,False
912,R14,HIN KA,4,LUEN KWOK FAI,72,I,False
913,R14,HIN KA,5,CHAN WAN TUNG,3101,D,True
914,R15,LOWER SHING MUN,1,"WONG HO FUNG
(KEN)",3894,D,True
915,R15,LOWER SHING MUN,2,TONG HOK LEUNG,3124,B,False
916,R16,WAN SHING,1,CHEUNG TAK WING,212,D,False
917,R16,WAN SHING,2,CHEUNG HING WA,3869,D,True
918,R16,WAN SHING,3,LAW KIN KAN,2745,B,False
919,R17,KENG HAU,1,CHEUNG PAK YUEN,3443,B,False
920,R17,KENG HAU,2,NG KAM HUNG,5453,D,True
921,R17,KENG HAU,3,LOK CHUNG YAU,176,I,False
922,R18,TIN SUM,1,TSANG KIT,3399,D,True
923,R18,TIN SUM,2,PUN KWOK SHAN,3078,B,False
924,R19,CHUI KA,1,LI SAI HUNG,4854,D,True
925,R19,CHUI KA,2,LO CHUN MAN OSCAR,33,I,False
926,R19,CHUI KA,3,LAM YU SING,3385,B,False
927,R20,TAI WAI,1,NG TING LAM KUDAMA,4198,D,True
928,R20,TAI WAI,2,YUEN KWAI HEI,54,I,False
929,R20,TAI WAI,3,"CHOW KA SHING
(OWEN)",748,D,False
930,R20,TAI WAI,4,TUNG KIN LEI,4114,B,False
931,R21,CHUNG TIN,1,YIU HO YEE,2815,B,False
932,R21,CHUNG TIN,2,WONG HOK LAI,4313,D,True
933,R22,SUI WO,1,MAK TSZ KIN,4054,D,True
934,R22,SUI WO,2,CHAN TAN TAN,2879,B,False
935,R23,FO TAN,1,PONG SCARLETT OI LAN,2716,B,False
936,R23,FO TAN,2,LUI KAI WING,3550,D,True
937,R24,CHUN MA,1,CHOW HIU LAAM FELIX,2611,D,True
938,R24,CHUN MA,2,HO WAI LOK,1211,B,False
939,R24,CHUN MA,3,SIU HIN HONG,1355,B,False
940,R25,HOI NAM,1,YU NATASHA,1615,B,False
941,R25,HOI NAM,2,CHAN PUI MING,3019,D,True
942,R26,CHUNG ON,1,YIP WING,4665,D,True
943,R26,CHUNG ON,2,KUNG MEI CHI,2993,B,False
944,R27,KAM TO,1,HUI LAP SAN,3929,D,True
945,R27,KAM TO,2,NG CHI HUNG,100,I,False
946,R27,KAM TO,3,NG KAI TAI,3867,B,False
947,R27,KAM TO,4,CHAN TIN CHUN MIO,2023,D,False
948,R28,MA ON SHAN TOWN CENTRE,1,CHUNG LAI HIM,4744,D,True
949,R28,MA ON SHAN TOWN CENTRE,2,NG WAI LING,37,D,False
950,R28,MA ON SHAN TOWN CENTRE,3,LEE KAI HUNG,99,B,False
951,R28,MA ON SHAN TOWN CENTRE,4,LEE CHI WING ALVIN,2791,B,False
952,R28,MA ON SHAN TOWN CENTRE,5,YAU MAN KING,165,D,False
953,R29,WU KAI SHA,1,"CHOI KAI HANG
(ANDERSON)",250,D,False
954,R29,WU KAI SHA,2,NG CHEUK KING,2469,B,False
955,R29,WU KAI SHA,3,LI WING SHING,4167,D,True
956,R30,LEE ON,1,"MAK YUN PUI
(CHRIS)",5343,D,True
957,R30,LEE ON,2,LI LAM CHEONG,2722,B,False
958,R30,LEE ON,3,KWAN YU FUNG,78,I,False
959,R31,FU LUNG,1,LIU TSZ CHUNG MICHAEL,3441,B,False
960,R31,FU LUNG,2,"TSANG SO LAI
(YEN)",5816,D,True
961,R32,KAM YING,1,LEE KIN HANG,530,D,False
962,R32,KAM YING,2,CHOI WAI SHING,3401,B,False
963,R32,KAM YING,3,LAW SIU CHUN,226,I,False
964,R32,KAM YING,4,TING TSZ YUEN,4775,D,True
965,R33,YIU ON,1,LI SAI WING,3727,B,False
966,R33,YIU ON,2,SIN CHEUK NAM,5953,D,True
967,R34,HENG ON,1,CHENG TSUK MAN,6824,D,True
968,R34,HENG ON,2,FANG HAO LIANG,3970,B,False
969,R35,TAI SHUI HANG,1,YUNG MING CHAU MICHAEL,5157,D,True
970,R35,TAI SHUI HANG,2,CHU WUN CHIU,3626,B,False
971,R36,ON TAI,1,CHIU MAN LEONG,3163,B,False
972,R36,ON TAI,2,TONG CHI PUI LEROY,53,D,False
973,R36,ON TAI,3,CHENG CHUNG HANG,4419,D,True
974,R37,YU YAN,1,YIU KA CHUN,3578,B,False
975,R37,YU YAN,2,LO YUET CHAU,4691,D,True
976,R38,DI YEE,1,TSE KIT WING,1666,D,False
977,R38,DI YEE,2,"LAM KONG KWAN
(PHD)",1923,B,True
978,R38,DI YEE,3,LIU QING,830,D,False
979,R39,BIK WOO,1,LUK TSZ TUNG,4280,D,True
980,R39,BIK WOO,2,WONG PING FAN,3457,B,False
981,R40,KWONG HONG,1,CHOI CHUN CHIU PAUL,401,I,False
982,R40,KWONG HONG,2,LIAO PAK HONG RICARDO,3333,D,True
983,R40,KWONG HONG,3,WONG FU SANG,2081,B,False
984,R41,KWONG YUEN,1,YEUNG SZE KIN,3982,D,True
985,R41,KWONG YUEN,2,CHAN MAN KUEN,2914,B,False
986,S01,KWAI HING,1,LEUNG CHI SHING,3532,D,True
987,S01,KWAI HING,2,LEE WAI LOK,1408,B,False
988,S02,KWAI LUEN,1,WU PIK LUNG,34,I,False
989,S02,KWAI LUEN,2,LOK SIU LUEN,2296,B,False
990,S02,KWAI LUEN,3,NG KIM SING,3102,D,True
991,S03,KWAI SHING EAST ESTATE,1,LAI CHUNG YAN CHERRIE,59,I,False
992,S03,KWAI SHING EAST ESTATE,2,NG CHI WAH,2912,B,False
993,S03,KWAI SHING EAST ESTATE,3,CHOW WAI HUNG RAYMAN,4980,D,True
994,S04,UPPER TAI WO HAU,1,CHAN ON NI,2332,B,False
995,S04,UPPER TAI WO HAU,2,HUI KEI CHEUNG,3118,D,True
996,S05,LOWER TAI WO HAU,1,WONG BING KUEN,4463,D,True
997,S05,LOWER TAI WO HAU,2,HUANG SIHONG,1937,B,False
998,S06,KWAI CHUNG ESTATE SOUTH,1,CHEUNG CHING HING,102,I,False
999,S06,KWAI CHUNG ESTATE SOUTH,2,LEE WANG FUNG,3284,B,False
1000,S06,KWAI CHUNG ESTATE SOUTH,3,WONG YUN TAT,4240,D,True
1001,S07,KWAI CHUNG ESTATE NORTH,1,GUO SANQUAN,33,I,False
1002,S07,KWAI CHUNG ESTATE NORTH,2,LEUNG KAM WAI,4396,D,True
1003,S07,KWAI CHUNG ESTATE NORTH,3,LEUNG KONG MING,3169,B,False
1004,S08,SHEK YAM,1,LI SAI LUNG,3731,B,False
1005,S08,SHEK YAM,2,WAN SIU KIN ANDREW,4891,D,True
1006,S09,TAI PAK TIN WEST,1,KWOK FU YUNG,2449,B,True
1007,S09,TAI PAK TIN WEST,2,SZETO KONG SUN,2106,D,False
1008,S09,TAI PAK TIN WEST,3,HO CHEUK WAI,544,D,False
1009,S10,TAI PAK TIN EAST,1,KWOK LING LAI LILLIAN,2407,B,False
1010,S10,TAI PAK TIN EAST,2,LAU KWAI MUI,2902,D,True
1011,S10,TAI PAK TIN EAST,3,LAU HIN MING,73,I,False
1012,S11,ON YAM,1,LEUNG WING KUEN,3585,D,True
1013,S11,ON YAM,2,LEUNG TSZ WING DENNIS,3308,B,False
1014,S12,SHEK LEI NORTH,1,YUEN YUN HUNG,2086,B,False
1015,S12,SHEK LEI NORTH,2,LAM SIU FAI,3456,D,True
1016,S13,SHEK LEI SOUTH,1,LEUNG KWOK WAH,4780,D,True
1017,S13,SHEK LEI SOUTH,2,NG KA CHIU,3331,B,False
1018,S14,KWAI FONG,1,LEUNG YIU CHUNG,4766,D,True
1019,S14,KWAI FONG,2,LAM YING WAI,2997,B,False
1020,S14,KWAI FONG,3,TSANG TSZ LUN,301,D,False
1021,S15,HING FONG,1,WONG HON CHI,26,I,False
1022,S15,HING FONG,2,TANG LAI LING,2177,B,False
1023,S15,HING FONG,3,TONG HO MAN,3101,D,True
1024,S16,WAH LAI,1,WONG YIU CHUNG,2998,B,False
1025,S16,WAH LAI,2,SIN CHUNG KAI,3469,D,True
1026,S16,WAH LAI,3,TAI PUI SHAN CHRISTABEL DONNA,17,I,False
1027,S16,WAH LAI,4,TAM YAM CHI,152,I,False
1028,S16,WAH LAI,5,YUEN KWOK KI,44,I,False
1029,S17,LAI WAH,1,CHU LAI LING,2818,B,False
1030,S17,LAI WAH,2,CHEUNG KWAN KIU STEVE,3613,D,True
1031,S18,CHO YIU,1,PAU MING HONG,3107,B,False
1032,S18,CHO YIU,2,CHOI NGA MAN,3297,D,True
1033,S19,LAI KING,1,WONG TIN YAN,2836,D,True
1034,S19,LAI KING,2,CHOW YICK HAY,2670,B,False
1035,S20,KWAI SHING WEST ESTATE,1,LEUNG CHING SHAN,4365,D,True
1036,S20,KWAI SHING WEST ESTATE,2,LAU MEI LO,3273,B,False
1037,S21,ON HO,1,TAM WAI CHUN,3620,B,False
1038,S21,ON HO,2,TAM KA CHUN WARREN,5642,D,True
1039,S21,ON HO,3,NG KA FAI,59,I,False
1040,S21,ON HO,4,SO CHI SHING,151,I,False
1041,S22,WAI YING,1,MAK MEI KUEN ALICE,3480,B,False
1042,S22,WAI YING,2,SIN HO FAI,5194,D,True
1043,S23,TSING YI ESTATE,1,CHAN SIU MAN SIMON,3194,B,False
1044,S23,TSING YI ESTATE,2,WONG PIT MAN,4727,D,True
1045,S24,GREENFIELD,1,WONG CHUN TAT,4274,D,True
1046,S24,GREENFIELD,2,TAM SAI WAH PHILIP,1501,I,False
1047,S24,GREENFIELD,3,CHEUNG WAI CHING CLARICE,2363,I,False
1048,S25,CHEUNG CHING,1,LEE CHI KEUNG ALAN,3372,B,False
1049,S25,CHEUNG CHING,2,HON CHUN YIN,4575,D,True
1050,S26,CHEUNG HONG,1,WONG CHUN LAM,2949,D,False
1051,S26,CHEUNG HONG,2,TSUI HIU KIT,3427,B,True
1052,S27,SHING HONG,1,LEUNG KAR MING,3531,B,True
1053,S27,SHING HONG,2,CHIU PO KAM LUCIA,3417,D,False
1054,S28,TSING YI SOUTH,1,KWOK TSZ KIN,4662,D,True
1055,S28,TSING YI SOUTH,2,POON CHI SHING,3899,B,False
1056,S29,CHEUNG HANG,1,LO YUEN TING,3759,B,True
1057,S29,CHEUNG HANG,2,YIM HO YUEN,3270,D,False
1058,S30,CHING FAT,1,LAM CHUI LING NANCY,3468,B,False
1059,S30,CHING FAT,2,HO WING CHI,29,I,False
1060,S30,CHING FAT,3,WONG PUI SHAN,271,I,False
1061,S30,CHING FAT,4,LAU CHI KIT,5061,D,True
1062,S30,CHING FAT,5,CHAU HON SUM,120,I,False
1063,S31,CHEUNG ON,1,CHEUNG MAN LUNG,3711,D,True
1064,S31,CHEUNG ON,2,TONG YIK CHUN,289,I,False
1065,S31,CHEUNG ON,3,LAW KING SHING,2983,B,False
1066,T01,LANTAU,1,"YU HON KWAN
(RANDY)",2873,B,True
1067,T01,LANTAU,2,HO YAN CHING,21,D,False
1068,T01,LANTAU,3,"FUNG SIU YIN
(LANTAU SIU YIN)",2633,D,False
1069,T02,MUN YAT,1,WONG CHUN KIT,2872,B,False
1070,T02,MUN YAT,2,KWOK PING,5997,D,True
1071,T03,YAT TUNG ESTATE NORTH,1,FONG LUNG FEI,5376,D,True
1072,T03,YAT TUNG ESTATE NORTH,2,LAU CHIN PANG,3323,B,False
1073,T04,TUNG CHUNG SOUTH,1,CHOW HO DING HOLDEN,3619,B,False
1074,T04,TUNG CHUNG SOUTH,2,"LAI WING ON
(ANDY)",183,I,False
1075,T04,TUNG CHUNG SOUTH,3,"WONG CHUN YEUNG
(SHEEP)",5049,D,True
1076,T04,TUNG CHUNG SOUTH,4,LAU WING YIN,87,I,False
1077,T05,TUNG CHUNG CENTRAL,1,LEE KA HO,2708,D,True
1078,T05,TUNG CHUNG CENTRAL,2,FU HIU LAM SAMMI,2359,B,False
1079,T06,TUNG CHUNG NORTH,1,TSUI SANG HUNG SAMMY,1332,D,True
1080,T06,TUNG CHUNG NORTH,2,POON CHUN YAN,990,B,False
1081,T06,TUNG CHUNG NORTH,3,YIP PUI KEI,1045,B,False
1082,T07,DISCOVERY BAY,1,"YUNG WING SHEUNG AMY
(AMY YUNG)",2072,D,True
1083,T07,DISCOVERY BAY,2,CHOW YUEN KUK JONATHAN,1132,B,False
1084,T08,PENG CHAU & HEI LING CHAU,1,TSUI YAT LONG,1093,D,False
1085,T08,PENG CHAU & HEI LING CHAU,2,"TSANG SAU HO JOSEPHINE
(HO TSE)",1499,B,True
1086,T09,LAMMA & PO TOI,1,LAU SHUN TING,1003,B,True
1087,T09,LAMMA & PO TOI,2,CHUI CAAN JING CHING,972,D,False
1088,T10,CHEUNG CHAU,1,KWOK WAI MAN MEALOHA,3233,B,False
1089,T10,CHEUNG CHAU,2,LEUNG KWOK HO,5142,D,True
